Site no.,Country,Survey year,Latitude,Longitude,Altitude,Inclination,Mangement type,Grazing intensity,vegetation height,Soil depth,Topsoil pH,Subsoil pH,Topsoil Al,Topsoil Ca,Topsoil Fe ,Topsoil Mg,Topsoil Mn,Topsoil Zn,Topsoil NO3,Topsoil NH4,Topsoil Olsen P,Topsoil C,Topsoil N,Agrostis P,Agrostis N,Agrostis C,Galium P,Galium N,Galium C,Rhytidiadelphus P,Rhytidiadelphus N,Rhytidiadelphus C
UK201,Great Britain,2002,-4.896,57.7433,282,35,0,1,20,,4.76,5.17,71.79,189.2,25.65,46.69,64.76,0,3.59,70.71,18.52,16.01,0.88,0.49,13.03,448.5,1.08,22.04,473.9,0.22,8.26,473
UK202,Great Britain,2002,-4.484,58.2291,208,30,0,1,20,,3.94,3.81,33.73,1753.49,61.85,91.06,5.62,22.44,3.41,31.51,86.41,31.81,1.07,1.27,16.68,449.7,2.24,22.21,481.8,0.93,10.33,463.8
UK203,Great Britain,2002,-6.065,56.704,60,0,0,2,10,,4.73,5.02,237.3,1096.37,43.47,197.99,39.56,16.52,4.56,84.3,40.14,14.99,0.85,1.61,16.8,433.8,1.6,20.46,480.4,0.81,10.87,450.8
UK204,Great Britain,2002,-4.166,57.0696,304,0,0,1,25,,5.37,5.23,41.52,1204.8,23.9,82.43,11.3,0,11.26,20.5,31.69,7.4,0.43,1.37,16.91,447.3,2.85,24.51,481.5,0.96,10.03,461.3
UK205,Great Britain,2002,-3.701,56.7183,281,5,0,1,35,,4.82,4.88,396.38,232.02,36.09,72.49,41.52,3.11,5.5,81.56,1.82,6.06,0.36,1.96,17.47,445.8,3.67,25.83,473.3,1.52,12.06,454.1
UK206,Great Britain,2002,-3.769,52.3472,341,23,0,3,2,,4.01,4.59,581.32,205.17,122.24,128.61,27.11,1.81,4.85,54.64,20.31,14.91,0.96,1.45,20.88,442.7,1.55,22.15,470.3,0.81,13.23,456.8
UK207,Great Britain,2002,-3.793,52.1859,357,35,0,1,30,,3.92,4.3,636.54,196.28,93.92,115.11,37,0.85,5.03,54.69,19.76,12.31,0.81,1.1,16,444.9,1.55,23.89,471.1,0.54,11.14,471.6
UK208,Great Britain,2002,-3.855,52.1535,381,6,0,2,8,,4.24,4.68,440.15,1449.27,64.01,151.3,23.24,3.61,21.03,12.22,19.36,14.55,0.88,1.53,20.16,450.9,1.48,25.14,472.5,1.19,13.33,469.4
UK209,Great Britain,2002,-1.656,50.8656,60,5,0,3,2,,3.93,4.2,228.71,209.33,63.25,50.45,56.88,0,7.01,22.68,9.23,4,0.23,1.89,26.39,433.8,2.88,28,466.1,0.78,10.58,437.5
UK210,Great Britain,2002,-1.654,50.8125,60,1,0,3,2,,4.24,4.19,409.83,203.71,39.96,67.62,26.81,0,4.77,32.78,11.18,6.22,0.31,1.19,30.9,432.1,1.09,27.66,468.8,,,
UK211,Great Britain,2002,-1.716,50.8954,70,12,0,3,2,,4.28,4.45,69.83,1471.36,24.5,172.04,54.32,0,5.33,45.08,7.9,15.9,0.66,0.91,22.03,442,1.43,28.25,464.5,0.4,11.7,448.4
UK212,Great Britain,2002,-3.552,51.2146,229,5,0,2,3,,4.2,3.32,505.51,507.52,22.19,149.14,195.78,11.85,15.89,53.36,18.78,10.3,0.66,0.31,31.74,442.1,1.47,20.31,464.2,0.77,11.55,457.4
UK213,Great Britain,2002,-2.421,54.5969,283,2,0,3,5,,4.93,5.01,366.31,1277.59,25.1,119.83,51.61,0,13.21,88.11,7.56,6.88,0.5,1.3,17.76,450.1,1.81,24.86,479,2.06,11.74,448
UK214,Great Britain,2002,-3.134,54.8979,15,0,0,3,3,,4.92,4.85,268.37,960.83,22.34,88.1,22.49,0.25,5.13,53.22,6.45,9.52,0.49,1.65,17.24,439.9,1.91,29.49,481.1,1.37,11.43,449.1
UK215,Great Britain,2002,-3.14,54.8997,16,0,0,2,5,,4.07,4.06,43.07,911.13,22.34,17.07,5.27,0,12.26,87.14,14.47,40.63,1.57,1.94,14.91,454.3,1.52,16.92,476.5,0.91,12.05,458.3
UK216,Great Britain,2002,-3.289,55.4275,250,30,0,1,20,,4.21,4.28,625.99,968.36,34.19,178.56,58.08,0,31.17,133.38,12.11,13.59,0.91,1.5,13.2,467.7,2.42,30.45,482.3,0.74,11.45,463.6
UK217,Great Britain,2002,-2.773,56.2513,170,15,0,2,15,,4.86,5.22,400.6,1558.21,19.58,185.24,25.25,2.06,4.42,0,10.13,10,0.59,0.99,12.18,436.4,1.32,20.67,469.2,0.66,13.86,452.2
UK218,Great Britain,2002,-3.042,55.6886,318,30,0,2,8,,4.37,4.57,223.24,714.35,21.69,33.94,10.94,0,25.04,95.33,13.83,10.72,0.63,1.31,16.92,449.6,2.48,30.65,473.3,1.26,10.7,474.2
UK219,Great Britain,2002,-3.389,55.7328,237,40,0,2,6,,4.53,4.5,263.4,613.44,19.88,50.55,16.57,0,26.05,95.51,23.93,9.17,0.56,0.99,17.43,435.9,0.79,34.02,456.9,1.17,13.28,454.9
UK220,Great Britain,2002,-3.374,55.5452,252,60,0,1,25,,4.34,4.44,655.11,228.16,25.05,68.67,39.26,0,17.78,112.82,7.73,6.97,0.46,1.93,16.99,449.6,1.87,21.95,473.3,0.35,8.88,472.2
UK221,Great Britain,2002,-3.617,52.2847,500,1,0,2,7,,3.89,4.43,553.71,308.68,64.66,183.53,40.76,7.08,6.83,166.02,39.64,17.78,0.94,1.63,23.76,455,1.89,26.33,474.7,0.88,10.65,463.9
UK222,Great Britain,2002,-3.505,52.109,379,1,0,3,5,,4.26,5,789.65,765.55,37.55,167.02,94.63,8.99,2.87,134.71,18.12,7.84,0.47,1.74,22.5,432.3,1.76,24.61,472.4,0.98,13.54,438.2
UK223,Great Britain,2002,-3.711,52.7437,249,40,0,2,10,,4.24,4.52,445.42,202.46,62.4,133.03,30.72,0,7.94,147.57,56.79,11.67,0.86,1.5,19.87,446.3,1.8,24.18,471.8,1.49,14.33,464.6
UK224,Great Britain,2002,-3.508,51.6171,400,2,0,2,5,,4.18,4.06,239.35,841.85,19.08,76.66,5.77,0,28.03,120.51,32.64,25.41,1.42,1.48,21.92,446.1,2.27,25.9,473.9,1.09,12.71,457.4
UK225,Great Britain,2002,-3.53,53.1129,395,30,0,2,10,,4.24,4.52,722.88,1026.09,28.51,88.5,37.95,0,9.57,133.05,22.66,14.14,0.79,1.65,19.32,450.3,1.84,23.47,470.2,0.74,8.78,467
UK226,Great Britain,2002,-0.783,52.8397,141,15,0,1,10,,4.74,4.62,279.56,1481.4,23.44,68.57,38.91,0,16.15,88.66,13.52,5.46,0.33,1.86,15.58,446.8,5.39,24.31,468.4,1.63,9.22,469.4
UK227,Great Britain,2002,-3.791,51.2418,230,25,0,1,15,,4.31,4.39,287.75,1341.85,18.83,92.97,88.6,1.66,10.88,0,0,8.03,0.52,1.73,21.85,455.8,2.25,25.08,466.6,0.89,8.85,458.2
UK228,Great Britain,2002,-3.843,51.2329,290,0,0,1,25,,4.45,5.07,184.08,1232.91,16.87,147.34,89.21,0,7.83,151.01,25.59,10.16,0.61,1.49,16.5,460.4,1.66,22.37,466.7,1.38,18.72,407
UK229,Great Britain,2002,-3.859,50.5446,340,10,0,2,3,,4.18,4.4,305.37,281.47,111.9,128.01,14.16,0,12.08,155.16,11.5,15.66,0.9,1.43,22.49,440.7,1.31,26.82,476,0.53,13.86,466.4
UK230,Great Britain,2002,1.248,52.0694,16,0,0,3,3,,4.21,4.49,56.88,211.84,22.39,31.48,11.09,0,14.86,72.41,5.55,2.39,0.12,1.98,13.75,450.7,2.64,18.68,468.9,1.39,10.99,451.3
UK233,Great Britain,2002,-1.609,53.3379,343,25,0,3,20,,3.78,3.6,950.79,233.18,161.54,61.75,14.11,0,16.17,93.49,0,7.43,0.35,1.82,16.48,441.6,2.36,24.99,476.9,0.16,15.06,15.88
UK234,Great Britain,2002,-3.58,51.082,340,10,0,1,5,,3.92,4.35,702.3,459.38,219.37,207.28,72.19,0.3,13.04,172.16,26.98,14.57,0.69,0.32,16.92,448.9,2.03,24.52,468.2,0.32,10.95,473.7
UK235,Great Britain,2002,-3.683,51.0707,353,2,0,2,3,,4.13,4.26,576.3,657.62,77.71,68.32,19.48,0,5.37,125.04,18.33,7.96,0.48,1.98,17.95,452.5,1.95,20.76,462.9,1.71,9.02,474.7
UK236,Great Britain,2002,-1.886,54.3361,351,15,0,3,2,,4.16,4.58,954.3,1557.2,19.38,174.24,107.48,0,18.89,136.96,12.03,8.77,0.43,1.17,17.61,442.6,1.75,29.03,453.3,2.46,13.21,456.2
UK237,Great Britain,2002,-1.604,53.3271,317,3,0,3,3,,4.88,4.6,75.25,1399.07,16.26,196.43,9.99,0,20.83,124.36,40.74,22.02,0.88,1.01,24.88,438.6,1.5,22.26,481.5,1.45,15.65,465.2
UK238,Great Britain,2002,-1.577,53.3153,368,15,0,2,5,,4.34,4.34,704.31,1366.44,36.7,61.34,20.48,0,12.21,143.05,11.27,5.87,0.44,2.02,13.74,438.9,1.43,19.3,479.5,1.75,12.11,464.7
UK239,Great Britain,2002,-3.696,51.1146,274,3,0,3,15,,4.52,4.44,541.66,282.07,26.36,107.63,112.8,0,12.2,106.25,35.31,9.91,0.69,2.87,27.28,450.8,3.64,23.3,470,1.41,13.95,455.1
UK240,Great Britain,2002,-3.407,56.2394,305,25,0,1,25,,4.78,4.77,60.69,634.03,13.65,124.09,2.06,0,21.56,68.91,24.89,15.12,1.04,1.87,18.36,438.6,3.07,28.37,445.2,1.74,14.55,442.6
UK241,Great Britain,2002,-3.3,51.6178,299,0,0,3,3,,4.28,4.12,407.82,1187.23,94.33,154.16,32.78,3.92,31.99,111.99,45.34,17.51,0.85,1.92,29.99,449.9,1.99,25.2,481.4,0.83,14.06,471.3
UK243,Great Britain,2002,-1.933,53.1479,139,15,0,1,20,,3.76,3.65,161.04,193.57,19.93,141.51,7.48,0,8.36,109.73,0,15.57,0.63,1.42,23.44,457.9,1.09,18.4,482.5,1.76,12.8,477.4
UK244,Great Britain,2002,-1.948,53.1309,461,5,0,3,15,,4.1,4.37,706.82,1339.34,55.47,62.25,15.06,7.83,14.51,85.64,14.56,13.64,0.62,1.69,15.66,450,1.08,16.68,480.7,1.21,13.06,482.1
UK245,Great Britain,2002,-1.984,53.1632,395,40,0,1,10,,3.71,3.95,72.49,123.24,23.19,22.24,3.36,0,3.69,73.52,1.7,20.85,0.7,2.12,19.04,456.4,2.66,17.73,478,1.48,15.03,470.6
UK246,Great Britain,2002,-2.01,53.1767,408,25,0,2,5,,4.08,4.41,87.95,129.21,17.92,12.75,7.03,0,7.68,102.46,11.32,6.71,0.34,2.29,12.86,452.7,1.98,19.81,488.3,0.9,15.07,477.5
UK247,Great Britain,2002,-1.982,53.1974,393,55,0,1,5,,3.71,3.85,88.65,131.02,18.07,12.95,6.98,0,7.7,123.5,7.35,8.16,0.37,2.44,21.87,458.3,1.86,22.73,483.5,1.48,13.16,478.7
UK248,Great Britain,2002,-1.931,53.1398,410,60,0,2,5,,3.93,3.8,522.58,1231.91,103.06,75.65,3.97,6.07,6.8,52.82,15.69,15.58,0.65,1.81,17.38,451.7,1.65,18.22,476.2,1.23,10.98,480.8
UK249,Great Britain,2002,-1.972,53.1623,450,60,0,1,10,,3.69,3.78,405.92,382.62,38.15,38.4,4.07,0.65,6.98,115.86,9.44,15.86,0.59,1.48,21.68,457.2,1.39,18.31,477.7,1.16,10.24,490.9
UK250,Great Britain,2002,-1.998,53.1596,400,10,0,2,8,,3.93,4.33,484.78,772.08,75.3,29.82,31.43,0,5.83,83.61,10.49,3.44,0.23,1.05,15.92,443.8,1.74,20.07,488.3,1.59,11.51,474.1
UK251,Great Britain,2002,-2.007,53.1767,403,20,0,2,5,,4.14,4.65,227.36,174.5,25.85,24.25,18.83,0,2.61,92.58,12.6,7.01,0.35,0.84,14.25,449.5,0.47,17.27,481.5,0.74,11.76,485.4
UK252,Great Britain,2002,-1.972,53.1839,414,40,0,2,8,,3.71,3.71,443.37,929.7,33.63,140.61,16.97,14.61,0,131.31,27.91,33.66,1.24,,,,1.61,16.25,474.7,0.83,15.24,472.3
UK253,Great Britain,2002,-1.931,53.1416,420,0,0,1,2,,3.78,3.65,189.3,81.27,294.72,21.99,5.47,0,29.79,96.67,0.96,35.24,1.38,1.48,13.9,461,2.12,18.16,482.1,1.21,13.39,471.9
UK254,Great Britain,2002,-1.979,53.1992,398,30,0,2,7,,3.82,3.71,202.16,1366.95,24.7,82.38,6.58,8.08,15.09,120.56,66.97,39.45,1.29,1.92,14.3,443.4,2.02,2.38,479.4,1.34,11.05,479.4
UK255,Great Britain,2002,-1.979,53.1704,330,1,0,2,3,,3.93,3.86,42.77,363.15,12.9,22.84,3.06,0,6.78,91.41,13.73,35.62,1.17,1.31,13.13,449.8,1.59,19.49,479.9,1.11,11.97,479.4
UK257,Great Britain,2002,-1.719,53.3022,321,30,0,2,15,,4.4,4.13,738.94,633.02,88.7,31.22,11.9,0,12.99,83.93,13.42,5.96,0.35,0.27,11.28,430.6,1.1,18.55,475.7,0.76,8.07,475.6
UK258,Great Britain,2002,-1.804,53.5352,449,25,0,2,5,,3.92,3.31,68.02,28.06,18.22,11.4,3.82,0,6.33,78.47,12.89,16.16,0.57,2.76,20.61,448,2.01,28.05,483.3,0.53,11.61,474.9
UK259,Great Britain,2002,-1.653,53.4,341,20,0,2,12,,4.18,4.17,1318.75,503.51,44.18,73.19,37.55,0,30.89,95.48,7.9,5.71,0.4,2.16,15.23,439.2,2.01,22.61,477.9,1.02,11.06,483.9
UK260,Great Britain,2002,-3.608,55.9494,190,16,0,1,30,,4.33,4.25,1168.66,158.48,59.24,68.82,24.1,0,19.89,96.46,7.75,11.73,0.71,1.2,15.89,445.9,2.44,22,478.1,0.98,9.77,465.7
UK361,Great Britain,2003,-4.674,51.1871,99,25,0,2,4,,4.42,4.56,85.29,676.7,76.91,592.36,13.86,17.57,32.09,0,31.41,16.05,0.86,1.75,15.18,414.8,1.71,24.17,438.48,1.28,13.98,425.08
UK362,Great Britain,2003,-4.67,51.1854,127,2,0,3,2,,4.53,4.55,94.02,1158.11,27.41,566.26,8.03,8.48,69.64,0,33.51,17.78,0.85,1.82,14.45,422.7,3.09,22.44,443.44,1.54,11.98,438.15
UK363,Great Britain,2003,-4.673,51.1674,120,8,0,3,15,,4.73,4.8,11.6,366.41,10.84,211.04,7.38,4.62,79,0.22,12.42,9.74,0.57,0.87,14.67,419.97,1.36,19.71,438.82,0.86,14.62,428.72
UK364,Great Britain,2003,-6.13,56.4176,112,20,0,2,15,,5.27,5.43,212.2,1845.85,18.62,614.45,6.38,3.77,44.81,10.59,0.63,4.92,0.3,1.04,14.12,413.23,1.54,20.43,449.02,0.84,11.25,436.11
UK365,Great Britain,2003,-6.292,57.2341,33,10,0,2,8,,5.05,5.16,151.6,327.05,87.3,169.22,11.24,20.08,43.47,5.35,2.31,10.06,0.47,1.04,14.38,417.5,2.3,19.87,440.45,0.82,11.52,433.67
UK366,Great Britain,2003,-5.638,56.6219,169,10,0,1,8,,4.34,4.66,186.49,152.76,30.12,110.79,12.55,13.2,133.32,3.97,11.75,8.07,0.42,1.52,17.93,424.24,2.19,19.42,449.29,0.89,9.16,443.57
UK367,Great Britain,2003,-5.053,56.7877,31,2,0,2,10,,4.5,4.67,240.66,192.47,32.38,82.03,14.26,15.11,32.41,3.73,15.41,5.74,0.37,2.14,15.49,413.06,2.62,21.08,449.35,1.56,10.89,425.48
UK368,Great Britain,2003,-3.83,56.7479,331,30,0,1,15,,4.56,5.7,212.6,589.35,74.05,56.17,11.4,56.32,48.32,16.19,11.14,8.08,0.34,0.69,15.69,444.43,1.43,18.35,426.99,0.6,10.67,445.14
UK701,Great Britain,2007,-1.3,60.2145,20,10,0,1,15,13,5.22,5.42,13.89,147.2,1.35,121.31,7.11,5.09,0.42,10.2,7.23,5.79,0.38,1.38,12.91,432.92,1.77,19.35,446.7,1.02,9.02,454.39
UK702,Great Britain,2007,-4.811,57.0678,67,45,0,1,10,8,4.86,5.31,50.56,78.32,6.68,45.52,8.53,7.51,1.33,19.06,10.12,9.02,0.67,0.66,15.04,427.46,2.03,18.64,465.24,1.21,6.77,420.92
UK703,Great Britain,2007,-4.807,55.9474,99,0,1,0,30,13,4.7,4.89,87.09,110.73,8.82,53.61,9.6,8.1,10.7,16.81,52.09,10.99,0.83,2.65,14.8,437.18,2.68,18.71,446.99,1.94,10.18,414.39
UK704,Great Britain,2007,-4.805,55.6959,239,20,0,1,8,28,4.54,4.83,61.96,204.18,18.95,229.58,21.08,14.17,38.88,26.92,24.72,25.35,1.63,1.09,15.92,425.94,2.49,18.21,444.36,1.71,,
UK705,Great Britain,2007,-2.727,55.4115,172,45,0,1,15,21,4.58,5.23,30.72,230.97,1.29,95.33,14.66,6.97,0.59,10.33,21.18,6.79,0.54,0.91,12,408.71,1.61,18.72,460.06,0.96,8.7,435.12
UK706,Great Britain,2007,-3.567,51.2239,241,5,0,2,7,25,4.47,5.03,52.74,292.96,6.72,153.3,52.06,10.37,18.93,27.05,13.95,8.88,0.72,1.85,16.88,421.48,1.48,25.25,459.24,,14.1,425.91
UK707,Isle of Man,2007,-4.465,54.2654,587,22,0,1,5,21,4,4.45,295.29,442.3,42.64,335.58,12.15,24.23,62.03,53.16,10.43,37.94,2.69,2.47,23.93,456.98,2.41,23.44,466.24,1.16,12.82,447.58
UK708,Great Britain,2007,-4.601,50.6147,299,7,0,2,6,28,4.41,5.03,34.15,89.18,4.64,73.28,9.54,3.29,2.28,12.11,15.36,8.72,0.63,1.06,22.01,454.6,2.27,25.25,450.55,1.03,10.86,441
UK709,Great Britain,2007,-2.946,52.5833,709,8,0,1,10,49,4.54,5.1,39.27,468.75,2.73,57.64,10.61,6.16,1.84,9.16,16.25,7.92,0.6,1.91,19.81,443.69,2.64,22.47,445.53,2.24,,
UK710,Great Britain,2007,-1.914,53.1499,351,32,0,1,10,14,3.95,4.15,122.49,164.43,44.93,62.67,9.54,6.87,0.96,24.58,20.74,13.41,0.93,0.52,17.09,432.93,0.91,22.16,449.22,1.43,10.9,455.77
UK711,Ireland,2007,-8.072,54.414,59,0,0,1,25,22,4.45,4.92,11.12,328.14,4.98,73.8,13.64,1.94,0.84,3.86,12.99,8.74,0.55,0.56,9.72,417.91,1.02,11.91,448.34,1.3,6.39,457.74
UK712,Ireland,2007,-8.012,54.0993,180,30,0,2,5,26,4.54,4.68,39.04,172.54,1.06,107.81,55.47,3.73,9.54,18.28,17.57,9.54,0.79,1.44,12.83,419.06,1.56,20.44,466.87,1.87,7.36,452.16
UK713,Ireland,2007,-7.922,54.1443,271,50,0,1,5,34,4.17,4.39,132.97,175.1,45.66,132.78,5.41,4.86,7.48,18.89,25.53,13.25,0.86,1.39,14.87,431.99,1.28,24.34,474.78,2.01,9.54,447.78
UK714,Ireland,2007,-7.91,54.2769,126,40,0,1,8,26,4.64,4.94,20.51,232.37,8.19,77.44,27.51,3.19,0.67,5.11,8.25,6.18,0.47,2.29,12.45,439.59,2.63,13.82,444.89,1.18,7.42,443.37
UK715,Ireland,2007,-9.951,53.5488,77,8,0,3,2,28,4.98,5.39,15.67,84.39,0.39,56.45,22.98,4.41,2.75,134.68,19.41,9.35,0.79,2.07,16.48,391.7,2.34,21.6,447.6,1.26,11.02,438.93
UK716,Ireland,2007,-8.048,52.3769,420,15,0,1,15,37,4.46,4.4,84.6,224.52,16.97,229.64,5.05,15.01,5.35,305.26,22.07,32.86,1.9,1.38,21.2,442.27,2.11,23.69,470.19,0.71,14.52,455.07
UK717,Ireland,2007,-6.463,54.0892,143,20,0,1,18,22,4.95,5.13,34.42,59.04,7.72,18.12,2.38,5.04,4.44,11.37,14.08,12.76,0.81,2.44,14.12,469.55,1.8,19.45,489.36,1.67,8.45,448.54
UK718,Ireland,2007,-6.457,55.2401,59,7,0,1,20,46,5.31,5.18,83.47,163.16,10.17,153.2,6.87,5.54,0.24,6.97,7.16,7.6,0.54,1.48,10.93,429.59,1.08,18.2,438.42,1.3,8.72,423.06
UK719,Ireland,2007,-8.093,52.6494,245,30,0,1,12,19,5.51,5.19,6.59,147.91,0.32,46.01,33.41,3.57,3.3,66.75,6.46,5.79,0.47,1.94,14.67,423.65,1.54,18.99,444.97,0.91,8.92,472.81
UK720,Ireland,2007,-6.219,54.9425,190,15,0,1,8,16,5.56,5.67,3.37,823.37,0.55,336.51,14.99,2.63,9.77,34.54,11.8,15.86,1.33,1.21,13.2,410.5,1.66,17.63,454.47,1.39,10.61,443.57
SE701,Sweden,2007,13.25,56.6167,60,5,0,1,20,19,4.69,4.89,12.71,30.4,0.29,23.17,2.81,0.43,1.21,9.76,6.61,5.17,0.28,2.01,18.94,422.48,2.32,21.92,456.24,,,
SE702,Sweden,2007,13.167,56.5833,75,5,0,1,30,35,4.56,4.72,53.55,79.59,1.49,42.72,2.24,1.76,3.72,19.74,10.48,15.39,0.78,1.31,17.49,427.29,1.4,20.89,459.16,0.62,12,428.23
SE703,Sweden,2007,13.133,56.6,75,5,0,1,35,22,4.64,4.78,42.27,27.61,0.84,15.05,0.95,0.54,0.61,11.12,8.96,8.53,0.48,1.89,15.61,429.98,1.73,21.64,454.65,0.83,11.96,432.41
SE704,Sweden,2007,13.017,56.7,64,7,0,2,30,17,5.17,5.27,23.44,56.6,0.22,19.81,1.25,0.77,3.42,9.42,5.66,5.9,0.37,1.29,14.9,427.78,1.33,18.51,451.09,0.84,12.88,422.49
GE705,Germany,2007,9.906,53.15,94,2,0,2,20,60,4.84,4.9,12.97,21.9,0.26,12.12,0.52,0.48,0.36,13.73,13.63,3.88,0.15,0.96,16.71,435.11,2.83,26.33,453.57,1.75,13.53,430.31
GE706,Germany,2007,9.9,53.15,89,0,0,2,15,60,4.53,4.32,76.97,22.09,1.53,10.18,0.41,0.62,3.73,10.06,19.02,7.01,0.29,1.53,17.24,437.31,2.85,24.93,454.33,1.07,15.58,458.33
GE707,Germany,2007,9.807,53.1389,94,0,0,2,25,60,4.46,4.42,50.35,29.51,1.17,10.51,0.87,0.68,6.25,8.57,14.69,5.04,0.24,2.21,16.82,432.96,2.01,25.08,467.74,2.48,14.54,438.42
GE708,Germany,2007,9.842,53.0917,85,0,0,2,15,60,4.63,4.36,19.87,43.45,0.59,20.13,0.36,0.99,4.97,9.39,9.11,2.92,0.13,2.26,15.88,440.5,2.4,23.51,463.35,,,
GE709,Germany,2007,10.025,53.1667,64,0,0,2,25,60,4.44,4.54,25.74,129.09,0.96,43.32,3.96,1.57,3.3,11.28,13.14,2.08,0.1,1.68,18.15,445.92,2.81,24.25,449.69,1.93,17.19,428.03
GE710,Germany,2007,7.511,52.6639,21,0,0,2,10,60,4.32,4.52,44.04,16.2,1.14,7.5,1.07,0.35,10.35,6.99,13.03,2.9,0.16,1.75,15.72,434.14,2.91,24.82,453.76,,15.29,405.42
GE711,Germany,2007,7.275,52.6708,16,0,0,2,15,60,4.66,4.8,19.18,63.83,0.85,20.86,4.32,1.13,21.01,11.36,17.03,2.86,0.19,2.98,19.63,433.49,,,,1.46,15.47,420.85
GE712,Germany,2007,10.531,51.5222,705,5,1,0,20,16,4.72,,164.41,8.02,0.95,10.21,1.14,0.94,84.44,56.29,12.83,8.97,0.64,1.53,15.77,444.13,2.12,29.74,470.76,0.95,12.73,446.84
GE713,Germany,2007,10.519,51.7583,812,10,1,0,15,15,4.7,,138.67,18.72,2.18,9.23,0.73,0.6,7.74,19.76,5.4,5.72,0.3,1.14,14.93,440,1.62,27.13,468.73,1.09,19.03,454.24
GE714,Germany,2007,10.675,51.6611,560,5,1,0,25,21,4.72,4.65,112.69,54.3,0.25,41.22,17.57,0.91,6.65,8.19,10.2,6.63,0.57,1.06,15.87,434.7,1.92,21.61,453.34,0.96,11.82,447.99
GE715,Germany,2007,10.522,51.7278,722,0,1,0,20,12,4.47,,139.96,62.19,2.71,30.94,6.75,2.51,42.79,55.57,17.91,8.29,0.56,1.77,14.97,441.14,1.28,26.66,460.78,1.04,15.32,447.71
GE716,Germany,2007,10.221,52.8278,107,0,0,2,15,60,4.36,4.39,84.79,46.63,1.99,22.13,0.64,2.01,1.17,14.99,10.25,5.73,0.22,0.94,17.29,451.99,0.74,23.23,461.9,,12.9,462.71
DK717,Denmark,2007,10.336,57.4167,7,0,1,0,25,60,4.42,4.75,14.64,86,0.73,48.41,1.43,0.94,7.37,16.64,14.4,3.28,0.18,1.22,19.46,439.66,1.22,25.37,448.76,,,
DK719,Denmark,2007,10.5,56.5153,34,0,0,2,25,60,4.58,4.52,56.43,185.06,2.29,79.16,1.84,1.51,0.67,16.32,13.72,6.92,0.34,1.13,12.9,434.45,1.91,16.38,453.76,,10.01,386.33
DK720,Denmark,2007,9.169,55.6667,74,0,0,2,20,60,4.73,4.88,19.19,17.87,0.98,14.72,2.23,0.26,1.32,3.31,6.32,1.67,0.1,1.22,10.14,433.18,1.22,19.25,447.76,,,
NL701,Netherlands,2007,5.314,52.1119,20,0,1,0,23,60,4.86,5.7,32.98,90.58,6.46,19.34,2.8,3.69,0.4,27.59,7.22,0.08,1.48,1.24,11.99,471.18,,,,,,
NL702,Netherlands,2007,5.294,52.1259,20,0,1,0,8,53,5.24,5.29,34.22,225.01,6.91,27.51,10.52,11.93,2.85,29.12,38.36,0.21,4.06,1.89,11.75,446.44,,,,2.27,14.26,482.35
NL703,Netherlands,2007,6.255,52.9507,5,0,1,0,20,60,4.35,4.69,105.96,52.01,14.06,22.08,2.33,2.13,1.96,16.84,7.1,0.25,5.4,1.34,19.47,473.15,1.48,22.67,487.23,0.96,10.98,458.71
NL704,Netherlands,2007,6.231,52.8066,4,0,1,0,13,60,4.37,4.53,62.43,324.45,5.36,53.98,1.83,4.3,0.01,8.4,9.55,0.19,4.61,1.04,16.72,466.48,1.59,17.35,488.39,0.74,10.82,461.3
NL705,Netherlands,2007,6.482,52.2686,15,0,1,0,8,60,4.46,4.63,47.29,17,2.87,6.44,1.78,0.96,3.18,9.68,16.95,0.12,2.23,2.94,18.08,462.92,1.62,17.36,487.28,,,
NL706,Netherlands,2007,5.849,52.066,42,0,0,1,40,60,4.28,4.74,68.5,21.94,12.89,8.44,1.92,1.25,1.43,6.13,8.42,0.13,2.38,1.29,14.62,466.87,1.58,22.29,490.57,,,
NL707,Netherlands,2007,6.193,51.4099,20,0,1,0,15,60,4.26,4.63,58.28,74.63,8.71,14.16,3.14,6.03,1.48,8.73,18.06,0.15,2.22,2.44,13.78,477.7,,,,1.61,17.1,464.74
BE708,Belgium,2007,2.961,50.962,22,0,1,0,15,57,4.56,4.65,96.72,157.3,35.14,27.61,7.96,2.57,0,19.75,3.09,0.08,1.53,0.75,9.39,461.39,,,,,,
BE709,Belgium,2007,3.102,51.1518,12,0,1,0,20,39,5.18,5.33,42.97,132.29,3.64,19.31,1.15,1.4,0.03,26.97,3.89,0.09,2,1.4,9.62,458.91,,,,,,
BE710,Belgium,2007,3.335,51.0785,20,0,1,0,25,60,5.26,5.29,56.24,74.23,6.67,14.65,2.52,4.25,0,70.34,4.64,0.16,2.58,0.38,8.64,452.26,,,,,,
BE711,Belgium,2007,3.283,51.199,8,0,1,0,8,56,5.33,5.19,20.3,14.04,2.03,4.15,0.68,0.5,0.13,5.34,6.37,0.03,0.48,1.34,14.97,452.09,,,,1.23,12.92,357.06
BE712,Belgium,2007,4.514,51.3376,23,0,0,2,20,60,4.33,4.71,67.34,59.17,12.47,8.17,5.86,7.22,2.52,12.66,17.05,0.13,2.76,1.87,15.51,471.59,,,,1.72,19.42,470.07
BE713,Belgium,2007,5.001,51.3392,21,0,0,1,20,60,4.42,4.74,98.2,75.2,9.48,13.96,2,4.69,0.47,24,7.52,0.2,3.3,0.71,10.94,466.55,,,,0.52,14.07,475.15
BE714,Belgium,2007,5.292,51.0858,50,0,1,0,18,60,4.92,4.84,30.23,99.92,7.02,21.41,0.91,4.54,0,18.44,6.25,0.07,1.4,1.26,10.66,463.99,,,,1.34,14.28,441.22
BE715,Belgium,2007,5.594,50.9525,89,0,1,0,23,8,4.97,5.14,63.27,88.32,9.82,18.32,2.73,3.32,0,48.05,12.74,0.21,3.64,0.95,14.78,459.64,1.44,16.81,458.24,0.8,12.9,475.16
BE716,Belgium,2007,5.453,50.9519,44,0,1,0,13,60,5.28,5.7,19.07,205.49,5.34,32.76,2.6,5.78,0.27,26.08,19.12,0.19,3.59,2.35,17.77,470.28,,,,1.29,11.49,469.78
NW717,Norway,2007,6.501,58.2389,5,12,0,2,18,42,5.19,5.23,80.69,137.18,0.78,114.74,2.68,2.37,5.88,112.27,10.33,0.89,13.46,0.97,10.58,446.22,,,,0.54,7.12,500.42
NW718,Norway,2007,6.53,58.2367,40,5,0,1,30,15,4.6,4.72,165.22,191.17,2.72,101.46,11.19,4.84,171.95,86.88,19.66,1.17,13.93,1.4,9.42,458.99,2.72,23.66,517.71,1.66,9.85,481.57
NW719,Norway,2007,6.307,58.3473,27,9,0,2,13,18,4.81,5.2,40.4,149.03,3.61,90.73,26.23,2.4,117.16,91.82,10.68,0.5,6.07,2.45,11.39,456.77,,,,2.23,14.11,477.25
NW720,Norway,2007,5.89,58.7004,260,17,0,1,15,13,4.44,4.42,140.74,243.94,8.89,117.73,4.33,5.29,152.11,150.85,27.37,1.17,19.09,1.39,13.38,472.01,3.52,33.06,502.02,2.63,13.68,475.76
NW721,Norway,2007,5.776,59.4085,103,15,0,2,13,15,5.11,4.85,47.66,803.9,11.04,171.81,36.6,3.47,25.51,244.79,14.84,0.49,6.86,1.36,17.91,471.76,4.15,36.85,487.76,1.9,19.28,467.17
NW722,Norway,2007,5.742,60.1579,171,13,0,1,40,13,4.49,4.7,89.6,200.18,20.52,129.72,7.94,2.32,18.46,101.03,37.37,0.59,8.61,1.56,7.95,466.7,2.39,24.02,499.35,1.84,12.77,468.91
NW723,Norway,2007,5.5,60.325,273,3,0,1,35,60,4.43,4.87,225.56,108.66,31.09,81.55,1.53,1.29,3.66,146.86,19.52,1.44,22.89,1.07,7.69,462.24,,,,1.62,8.71,489.29
NW724,Norway,2007,5.102,60.6976,30,7,0,1,20,22,4.6,4.73,113.63,77.08,29.69,45.66,6.37,1.84,0.46,49.6,24.97,0.45,7.43,2.24,12.64,470.86,3.68,23.78,489.56,1.94,9.46,476.56
NW725,Norway,2007,7.129,60.5046,530,29,0,1,30,44,4.45,4.61,132.75,51.82,1.97,34.8,50.35,3.68,123.53,36.64,15.59,0.49,5.91,1.22,12.34,461.33,3.11,33.64,502.7,1.51,15.21,470.91
FR701,France,2007,0.184,45.0486,73,0,1,0,30,60,5.55,5.52,19.13,160.86,0.53,26.28,10.34,0.58,1.42,12.02,18.8,2.442,0.203,6.87,13.43,431.9,,,,,,
FR702,France,2007,0.194,45.1528,110,4,0,1,40,60,5.72,5.67,5.77,96.38,0,18.04,10.04,0.51,52.53,17.22,15.61,1.228,0.138,2.01,16.22,428.7,,,,,,
FR703,France,2007,-0.816,44.6536,55,0,1,0,20,60,5.11,4.86,9.92,126.54,0.42,35.89,1.79,2.75,31.63,19.27,7.85,3.564,0.23,1.19,18.72,446.1,,,,,,
FR704,France,2007,-1.104,44.5986,9,0,1,0,20,60,5.69,6.14,2.25,197.98,0.21,32.92,3.77,0.73,4.86,13.9,7.3,3.141,0.204,,,,,,,,,
FR705,France,2007,-0.597,44.7039,53,0,1,0,40,20,4.83,4.93,35.2,137.07,1.1,21.27,1.44,0.64,2.78,6.63,4.67,3.399,0.222,1.16,16.92,442.6,,,,,,
FR706,France,2007,-1.403,43.3497,99,5,1,0,20,50,5.39,5.34,51.81,52.16,0,19.79,1.92,1.06,0,43.37,3.98,5.109,0.347,,,,,,,0.81,9.34,432.9
FR707,France,2007,-1.377,43.3172,242,20,1,0,20,40,4.84,4.72,85.5,29.46,0.05,18.1,9.54,0.8,0,22.45,14.89,5.072,0.31,,,,,,,1.16,13.39,373.7
FR708,France,2007,-1.28,43.3781,82,35,1,0,10,40,5.12,5.01,61.54,115.87,0,43.9,28.86,0.62,0,40.78,25.88,2.857,0.182,1.46,13.41,427.9,,,,0.81,7.18,435.3
FR709,France,2007,-1.267,43.305,279,30,1,0,25,30,4.72,4.76,84.27,31.11,0.2,20.53,4.66,0.6,0.11,56.07,15.1,5.887,0.317,,,,,,,1.03,12,419.9
FR710,France,2007,-1.259,43.3119,248,15,0,1,30,30,4.84,4.96,102.45,14.91,0.16,16.34,24.44,0.78,0,34.22,21.48,4.359,0.248,1.73,17.22,432.7,,,,,,
FR711,France,2007,-1.228,43.3031,236,30,0,2,20,25,5.19,5.01,57.49,39.15,0,22.15,44,0.47,0,11.55,31.88,2.948,0.18,1.46,16.65,432.6,,,,1.54,14.63,425.5
FR712,France,2007,1.43,46.0169,590,5,0,2,20,45,5.27,5.42,92.77,59.92,0.71,16.99,8.05,2,31.07,29.1,22.59,9.668,0.723,1.96,17.58,431.8,2.59,21.48,459,1.14,10.92,427.1
FR713,France,2007,1.44,46.0319,586,2,0,2,15,30,5.37,5.71,81.46,157.54,0.53,36.27,11.67,2.32,5.44,31.3,18.21,7.865,0.577,1.8,15.25,425.6,,,,,,
FR714,France,2007,1.859,45.8292,607,5,1,0,20,60,5.25,5.8,60.38,92.18,0.81,36.23,16.97,2.58,53.14,40.92,12.87,9.098,0.7,1.23,15.06,417.5,1.81,21.68,458.8,,,
FR715,France,2007,1.923,45.9172,614,5,0,2,5,30,5.57,6.06,83.13,117.52,0.53,19.84,9.47,1.36,1.46,33.25,14.89,7.957,0.571,2.93,27.77,420.5,,,,1.29,8.92,442.4
FR716,France,2007,7.403,49.0264,300,3,1,0,20,40,5.21,4.63,14.06,91.84,0.01,10.98,7.93,1.44,82.51,38.38,9.91,1.948,0.16,3.46,23.22,433.4,,,,1.14,10.1,419.9
FR717,France,2007,7.477,49.0372,249,0,1,0,10,50,5.02,5.24,19.59,60.68,0.13,9.77,9.17,1.69,33.09,40.52,12.47,2.717,0.201,2.05,18.89,433.2,,,,2.15,13.79,426.8
FR718,France,2007,7.453,49.0594,325,0,1,0,20,50,5.27,5.47,26.3,14.37,0.4,4.06,2.13,0.93,111.85,50.02,8.47,2.743,0.19,1.83,22.03,438.2,,,,,,
FR719,France,2007,7.615,49.0219,232,3,0,1,20,50,5.61,5.89,8.92,91.26,0.06,16.01,19.23,1.94,55.9,23.5,14.03,2.554,0.203,2.9,20.02,433.5,,,,1.24,10.36,449.7
FR720,France,2007,7.592,49.045,179,5,0,2,20,30,5.35,5.43,9.81,83.48,0.01,15.18,23.81,1.28,61.63,39.09,13.91,1.865,0.164,2.59,18.98,430.5,,,,,,
FR721,France,2007,-1.507,48.2864,99,0,1,0,20,50,5.36,4.96,44.17,39.99,0,13.8,28.5,0.22,8.59,9.33,13.68,1.203,0.095,1.36,13.07,437.9,,,,,,
FR722,France,2007,-2.236,48.0069,163,7,1,0,20,33,5.05,5.03,142.14,22.32,3.81,9.42,2.64,0.48,30.26,10.08,24.33,5.16,0.393,0.73,10.54,446.6,1.23,18.09,461.2,,,
FR723,France,2007,-1.89,47.9931,75,3,0,1,20,23,5.36,5.19,54.83,21.12,1.6,8.38,1.21,0.26,2.51,8.15,15.57,3.672,0.324,0.87,9.83,445.3,,,,,,
FR724,France,2007,-1.471,48.2856,59,0,1,0,20,30,5.34,5.27,55.34,38.18,4.77,12.24,3.69,0.83,8.39,19.69,14.72,3.011,0.217,0.74,11.3,447.2,,,,,,
FR725,France,2007,-3.8733,48.4156,375,0,1,0,15,20,4.83,5.18,148.08,29.01,4.91,33.38,0.48,0.94,0.87,33.75,10.31,12.85,0.842,1.47,13.9,449,,,,,,
